nomb_carrera,titulados,media,mediana,p25,p75,pct_oportuna
Prevencion de Riesgos,3480,7.57,6.0,1.0,13.0,19.3
Mecanica Automotriz en Sistemas Electronicos,5813,6.57,5.0,3.0,9.0,0.2
Derecho,23808,6.4,5.0,3.0,9.0,4.2
Medicina Veterinaria,7458,5.02,4.0,2.0,7.0,7.7
Ingenieria Civil,3996,4.71,4.0,2.0,7.0,6.0
Tecnico en Mantenimiento Industrial,5748,4.71,3.0,1.0,7.0,3.0
Electricidad Industrial Mencion Instalaciones Electricas,3185,4.47,3.0,1.0,6.0,1.3
"Ingenieria en Maquinaria, Vehiculos Automotrices y Sistemas Electronicos",5700,4.37,3.0,1.0,6.0,0.4
Agronomia,4200,4.36,3.0,2.0,6.0,3.7
Ingenieria en Administracion de Empresas Mencion Finanzas,4410,4.31,3.0,1.0,6.0,1.8
Ingenieria en Minas,3257,4.3,3.0,1.0,7.0,12.0
Quimica y Farmacia,4545,4.23,3.0,2.0,6.0,5.3
Ingenieria Mecanica en Mantenimiento Industrial,4125,4.14,3.0,1.0,5.0,0.7
Analista Programador,6294,4.12,3.0,1.0,5.0,4.4
Arquitectura,9112,4.02,3.0,1.0,5.0,7.5
Odontologia,10501,3.82,3.0,1.0,5.0,12.8
Ingenieria Civil Industrial,21404,3.79,3.0,1.0,5.0,10.3
Gastronomia Internacional,9674,3.76,3.0,1.0,5.0,8.3
Administracion de Empresas,14241,3.71,2.0,1.0,5.0,11.0
Ingenieria en Construccion,13589,3.65,2.0,1.0,5.0,17.0
Tecnologia Medica,11191,3.6,3.0,1.0,5.0,4.7
Administracion Gastronomica Internacional,3270,3.4,3.0,1.0,4.0,0.4
Kinesiologia,16115,3.3,3.0,1.0,5.0,12.0
Nutricion y Dietetica,11852,3.24,3.0,1.0,5.0,11.8
Analista Programador Computacional,3309,3.21,2.0,1.0,4.0,19.5
Ingenieria Comercial,40139,3.19,2.0,1.0,4.0,8.5
Construccion Civil,11197,3.13,2.0,1.0,5.0,15.2
Obstetricia y Puericultura,6080,3.09,2.0,1.0,4.0,8.7
Enfermeria,33401,2.9,2.0,1.0,4.0,18.2
Fonoaudiologia,9482,2.89,2.0,1.0,4.0,14.4
Ingenieria en Informatica,14881,2.89,1.0,1.0,4.0,17.2
Diseño,3651,2.85,2.0,1.0,4.0,10.9
Tecnico en Construccion,8692,2.8,1.0,0.0,3.0,25.4
Contador Auditor,8019,2.72,1.0,1.0,4.0,13.9
Ingenieria Agricola,3118,2.66,1.0,1.0,3.0,6.5
Pedagogia en Ingles,4227,2.65,2.0,1.0,3.0,15.2
Tecnico en Prevencion de Riesgos,3356,2.58,1.0,0.0,3.0,30.4
Tecnico en Mecanica Automotriz y Autotronica,4410,2.58,2.0,1.0,4.0,24.5
Ingenieria en Administracion,3591,2.51,1.0,1.0,3.0,21.4
Ingenieria de Ejecucion en Administracion de Empresas Mencion Recursos Humanos,3669,2.5,1.0,1.0,3.0,11.3
Ingenieria en Prevencion de Riesgos,8346,2.46,1.0,0.0,4.0,28.0
Ingenieria en Mecanica Automotriz y Autotronica,6663,2.45,1.0,1.0,3.0,20.3
Preparador Fisico,6661,2.41,2.0,1.0,3.0,13.8
Ingenieria en Electricidad y Automatizacion Industrial,4063,2.41,1.0,1.0,3.0,22.5
Diseño Grafico,3618,2.39,1.0,1.0,3.0,14.3
Periodismo,5905,2.35,1.0,1.0,3.0,9.9
Ingenieria en Conectividad y Redes,3067,2.35,1.0,0.0,3.0,26.4
Terapia Ocupacional,13135,2.29,1.0,1.0,3.0,17.6
Contabilidad General Mencion Legislacion Tributaria,3523,2.26,1.0,1.0,3.0,21.2
Tecnico en Logistica,3094,2.23,1.0,1.0,3.0,6.7
Contabilidad General,8860,2.23,1.0,0.0,3.0,36.1
Auditoria,9572,2.21,1.0,1.0,3.0,22.0
Gastronomia,4404,2.1,1.0,1.0,2.0,9.7
Tecnico en Educacion Parvularia,4301,2.05,1.0,1.0,2.0,11.1
Pedagogia en Educacion Fisica,4853,2.04,1.0,1.0,3.0,23.9
Psicologia,36343,2.0,1.0,1.0,3.0,15.3
Servicio Social,6893,1.97,1.0,1.0,3.0,6.2
Ingenieria Industrial,6360,1.94,1.0,0.0,3.0,30.5
Ingenieria en Administracion de Empresas,12993,1.93,1.0,1.0,3.0,20.6
Publicidad,4322,1.85,1.0,1.0,2.0,20.0
Trabajo Social,21601,1.82,1.0,1.0,3.0,24.1
Tecnico en Educacion Especial,5859,1.79,1.0,1.0,2.0,6.0
Tecnico Agricola,3003,1.78,1.0,0.0,2.0,32.5
Psicopedagogia,10410,1.72,1.0,1.0,2.0,13.9
Tecnico en Enfermeria,34668,1.71,1.0,1.0,2.0,23.5
Tecnico Juridico,3619,1.7,1.0,0.0,2.0,39.0
Medicina,12790,1.68,1.0,0.0,2.0,36.1
Ingenieria en Administracion de Recursos Humanos,3963,1.62,1.0,1.0,2.0,24.0
Pedagogia en Educacion Diferencial,4082,1.49,1.0,1.0,1.0,21.6
Tecnico en Administracion de Empresas,8334,1.41,0.0,0.0,2.0,51.4
Tecnico en Educacion Parvularia 1° y 2° Basico,3264,1.39,1.0,1.0,2.0,1.5
Tecnico en Trabajo Social,12851,1.36,1.0,0.0,2.0,42.8
Administracion Publica,9332,1.32,1.0,0.0,2.0,38.3
Tecnico de Enfermeria,6091,1.29,1.0,0.0,2.0,45.6
Tecnico de Nivel Superior en Administracion de Empresas,5222,1.26,1.0,0.0,2.0,32.9
Tecnico en Odontologia,8097,1.23,1.0,0.0,2.0,44.9
Tecnico de Nivel Superior en Trabajo Social,3892,1.13,1.0,0.0,2.0,31.8
Tecnico en Administracion,6575,1.1,0.0,0.0,2.0,51.9
Pedagogia en Educacion Parvularia,3304,1.06,1.0,0.0,2.0,27.2
Tecnico en Cosmetologia,3521,0.9,0.0,0.0,2.0,67.0
Tecnico de Nivel Superior en Educacion Parvularia,6623,0.89,1.0,0.0,1.0,39.5
Asistente de Parvulos,8577,0.87,0.0,0.0,1.0,63.6
Tecnico de Nivel Superior en Enfermeria,6229,0.8,1.0,0.0,1.0,40.4
