implementacion,n,segundos,us_por_elemento,memoria_pico_kb,repeticiones,exponente_empirico
agrupar_media O(n),20000,0.007321,0.366,,3,0.98
agrupar_media O(n),40000,0.012422,0.3106,,3,0.98
agrupar_media O(n),80000,0.025142,0.3143,,3,0.98
agrupar_media O(n),160000,0.049515,0.3095,,3,0.98
agrupar_media O(n),320000,0.104791,0.3275,,3,0.98
agrupar_media O(n),640000,0.204602,0.3197,,3,0.98
ordenar_merge O(n log n),20000,0.049595,2.4797,,3,1.08
ordenar_merge O(n log n),40000,0.103595,2.5899,,3,1.08
ordenar_merge O(n log n),80000,0.224822,2.8103,,3,1.08
ordenar_merge O(n log n),160000,0.467831,2.9239,,3,1.08
ordenar_merge O(n log n),320000,0.997099,3.1159,,3,1.08
ordenar_merge O(n log n),640000,2.104169,3.2878,,3,1.08
quickselect O(n),20000,0.003124,0.1562,,3,1.22
quickselect O(n),40000,0.00659,0.1648,,3,1.22
quickselect O(n),80000,0.021066,0.2633,,3,1.22
quickselect O(n),160000,0.02528,0.158,,3,1.22
quickselect O(n),320000,0.093722,0.2929,,3,1.22
quickselect O(n),640000,0.228866,0.3576,,3,1.22
sorted (C),20000,0.001153,0.0576,,3,1.02
sorted (C),40000,0.002295,0.0574,,3,1.02
sorted (C),80000,0.004609,0.0576,,3,1.02
sorted (C),160000,0.009436,0.059,,3,1.02
sorted (C),320000,0.019447,0.0608,,3,1.02
sorted (C),640000,0.039499,0.0617,,3,1.02
ordenar_insercion O(n²),500,0.003976,7.952,,3,2.05
ordenar_insercion O(n²),1000,0.016387,16.3869,,3,2.05
ordenar_insercion O(n²),2000,0.069487,34.7434,,3,2.05
ordenar_insercion O(n²),4000,0.279768,69.9421,,3,2.05
