implementacion,n,segundos,us_por_elemento,memoria_pico_kb,repeticiones,razon_vs_mejor,operacion
agrupar_media O(n),200000,0.047959,0.2398,1.2,3,5.5,agregación
agrupar_media_ingenua O(n·k),200000,0.086783,0.4339,705.5,3,10.0,agregación
pandas groupby,200000,0.008653,0.0433,3132.6,3,1.0,agregación
numpy.sort,200000,0.009014,0.0451,3127.8,3,1.0,ordenamiento
sorted (Timsort en C),200000,0.012183,0.0609,2343.6,3,1.4,ordenamiento
ordenar_merge O(n log n),200000,0.60648,3.0324,3250.9,3,67.3,ordenamiento
numpy.median,200000,0.009383,0.0469,3128.2,3,1.0,mediana
mediana_ordenando O(n log n),200000,0.011968,0.0598,2343.6,3,1.3,mediana
quickselect O(n),200000,0.0537,0.2685,4422.2,3,5.7,mediana
busqueda_binaria O(log n),200000,1e-06,0.0,0.0,5,1.0,búsqueda
busqueda_lineal O(n),200000,0.006295,0.0315,0.1,5,6295.0,búsqueda
