anio_titulo,semestre_titulo,media,titulados,oportuna,periodo
2020,1,2.259571236843964,56628,0.24961149961149962,2020-S1
2020,2,2.562469959569114,70738,0.1537363227685261,2020-S2
2021,1,2.724527371493562,125733,0.18330907558079423,2021-S1
2021,2,3.1443552388254927,88684,0.12482522213702585,2021-S2
2022,1,2.8957492972658607,134119,0.1782074128199584,2022-S1
2022,2,2.948329803619561,83104,0.1852016750096265,2022-S2
2023,1,2.811686908748592,129598,0.19237179586104725,2023-S1
2023,2,2.9117549117549117,84084,0.19341372912801486,2023-S2
2024,1,2.9200182180296737,129542,0.20224328789118587,2024-S1
2024,2,2.7318219251077847,82572,0.22542750569200212,2024-S2
2025,1,2.4911134822041,131210,0.20401646215989636,2025-S1
2025,2,2.5661114925472304,90302,0.23616309716285352,2025-S2
2026,1,2.6142758245561986,40446,0.09904564110171586,2026-S1
